City_ID,City,Cloudiness,Country,Date,Humidity,Lat,Lng,MaxTemp,WindSpeed
0,comodoro rivadavia,0,AR,1615935969,76,-45.8667,-67.5,51.8,3.2
1,faanui,19,PF,1615935933,72,-16.4833,-151.75,82.6,10.69
2,upernavik,99,GL,1615935970,95,72.7868,-56.1549,-1.39,4.07
3,puerto escondido,20,MX,1615935970,70,15.85,-97.0667,84.2,11.5
4,rikitea,68,PF,1615935766,74,-23.1203,-134.9692,80.49,8.61
5,norman wells,75,CA,1615935971,71,65.282,-126.8329,-4,2.3
6,salalah,0,OM,1615935866,68,17.0151,54.0924,73.4,3.44
7,bethel,100,US,1615935972,52,41.3712,-73.414,32,4.29
8,tingo maria,100,PE,1615935972,94,-9.2895,-76.0088,71.42,1.61
9,port alfred,93,ZA,1615935973,90,-33.5906,26.891,66,8.46
10,hobart,20,AU,1615935720,76,-42.8794,147.3294,62.01,9.22
11,hermanus,16,ZA,1615935974,89,-34.4187,19.2345,57.99,11.88
12,castro,11,BR,1615935974,89,-24.7911,-50.0119,66.13,3.71
13,airai,47,TL,1615935793,81,-8.9266,125.4092,64.15,1.23
14,albany,99,US,1615935735,28,42.6001,-73.9662,32,3.91
15,saint-philippe,0,RE,1615935975,69,-21.3585,55.7679,75.2,6.91
16,kitgum,97,UG,1615935976,74,3.2783,32.8867,66.65,3.36
17,ushuaia,75,AR,1615935976,65,-54.8,-68.3,44.6,23.02
18,tuktoyaktuk,20,CA,1615935780,76,69.4541,-133.0374,-14.8,2.3
19,barrow,90,US,1615935977,71,71.2906,-156.7887,-0.4,20.71
20,mataura,100,NZ,1615935767,71,-46.1927,168.8643,55.99,15.99
21,yarim,0,YE,1615935977,38,14.298,44.3779,54.52,3.47
22,new norfolk,67,AU,1615935978,67,-42.7826,147.0587,59,2.35
23,edd,0,ER,1615935979,44,13.9297,41.6925,82.89,20.87
24,maloy,90,NO,1615935979,70,61.9353,5.1136,37.4,9.22
25,jamestown,1,US,1615935771,70,42.097,-79.2353,39.99,4.76
26,qaanaaq,98,GL,1615935817,74,77.484,-69.3632,1.98,2.64
27,bastogne,100,BE,1615935980,96,50.0035,5.7184,36,8.9
28,busselton,0,AU,1615935981,58,-33.65,115.3333,65.73,2.1
29,bambous virieux,75,MU,1615935981,78,-20.3428,57.7575,78.8,8.05
30,avarua,40,CK,1615935982,74,-21.2078,-159.775,84.2,9.22
31,clarence town,90,AU,1615935982,68,-32.5833,151.7833,72,12.66
32,labuhan,53,ID,1615935983,87,-6.8844,112.2051,77.32,3.27
33,severo-kurilsk,100,RU,1615935983,98,50.6789,156.125,34.92,9.84
34,moses lake,1,US,1615935984,33,47.1301,-119.2781,59,5.75
35,lompoc,40,US,1615935940,62,34.6391,-120.4579,55.4,18.41
36,yellowknife,20,CA,1615935984,52,62.456,-114.3525,14,8.05
37,tasiilaq,90,GL,1615935792,93,65.6145,-37.6368,26.6,31.07
38,kavaratti,6,IN,1615935985,70,10.5669,72.642,82.51,8.14
39,yagodnoye,0,RU,1615935985,71,62.55,149.6667,-11.56,3.6
40,butaritari,63,KI,1615935859,77,3.0707,172.7902,81.05,13.24
41,east london,83,ZA,1615935986,74,-33.0153,27.9116,70.14,5.66
42,plymouth,1,US,1615935987,40,41.8334,-70.8328,30.99,6.91
43,odweyne,12,SO,1615935987,81,9.4092,45.064,65.73,8.9
44,kaka,0,TM,1615935987,58,37.3482,59.6143,41.52,6.89
45,chuy,92,UY,1615935937,87,-33.6971,-53.4616,72.82,11.56
46,atuona,13,PF,1615935896,66,-9.8,-139.0333,80.46,10.33
47,georgetown,20,MY,1615935797,83,5.4112,100.3354,81,2.3
48,pio xii,96,BR,1615935989,95,-3.8325,-45.1525,75.25,5.66
49,dikson,61,RU,1615935921,99,73.5069,80.5464,-28.35,3.94
50,namatanai,93,PG,1615935936,69,-3.6667,152.4333,83.23,5.21
51,jeremie,28,HT,1615935983,73,18.65,-74.1167,76.48,1.32
52,yarada,0,IN,1615935990,77,17.65,83.2667,77.02,4.25
53,kaitangata,98,NZ,1615935990,73,-46.2817,169.8464,54,8.99
54,carnarvon,32,AU,1615935799,83,-24.8667,113.6333,78.8,12.66
55,novikovo,99,RU,1615935922,81,51.1537,37.8879,31.71,11.23
56,vaini,20,TO,1615935992,74,-21.2,-175.2,82.4,10.36
57,sembe,95,CG,1615935992,98,1.6481,14.5806,69.06,2.59
58,kapaa,90,US,1615935784,78,22.0752,-159.319,73.4,24.16
59,hilo,75,US,1615935768,69,19.7297,-155.09,78.8,9.22
60,lagoa,96,PT,1615935994,89,39.05,-27.9833,59.95,27.2
61,pundaguitan,95,PH,1615935995,80,6.3711,126.1689,80.91,7.63
62,nalut,60,LY,1615935995,34,30.3333,10.85,57.92,14.63
63,chokurdakh,0,RU,1615935905,84,70.6333,147.9167,-21.98,8.52
64,vestmanna,75,FO,1615935977,93,62.1564,-7.1664,44.6,19.57
65,bengkulu,82,ID,1615935915,84,-3.8004,102.2655,74.3,4.29
66,lebu,85,CL,1615935996,87,-37.6167,-73.65,56.68,12.64
67,farmington,90,US,1615935997,93,36.7281,-108.2187,35.6,10.36
68,karratha,62,AU,1615935994,57,-20.7377,116.8463,82.69,5.3
69,ukwa,0,IN,1615935998,29,21.9667,80.4667,69.13,2.42
70,port blair,81,IN,1615935998,69,11.6667,92.75,77.13,6.33
71,buraydah,40,SA,1615935930,50,26.326,43.975,78.8,11.5
72,makat,100,KZ,1615935999,55,47.6469,53.3463,31.23,22.15
73,usinsk,100,RU,1615935999,97,65.9939,57.5281,22.14,2.06
74,matai,58,TZ,1615936000,89,-8.3,31.5167,56.08,3.4
75,mitsamiouli,0,KM,1615936000,70,-11.3847,43.2844,81.77,4.92
76,ulaanbaatar,0,MN,1615936001,79,47.9077,106.8832,14,2.24
77,sayyan,0,YE,1615936001,17,15.1718,44.3244,54.14,3.44
78,goderich,86,CA,1615935705,56,43.7501,-81.7165,37.4,2.3
79,vostok,100,RU,1615935829,93,46.4856,135.8833,19.45,5.75
80,mahebourg,75,MU,1615935664,78,-20.4081,57.7,78.8,8.05
81,puerto colombia,75,CO,1615936002,74,10.9878,-74.9547,80.6,16.11
82,tiksi,100,RU,1615935803,99,71.6872,128.8694,-14.94,4.25
83,ulagan,72,RU,1615936003,98,50.6321,87.9563,-0.06,0.74
84,rio grande,83,BR,1615936004,89,-32.035,-52.0986,75.33,13.15
85,asau,100,RO,1615936004,67,46.4333,26.4,37.99,10.22
86,pingzhuang,0,CN,1615936004,31,42.0372,119.2889,29.77,5.64
87,bredasdorp,13,ZA,1615936005,94,-34.5322,20.0403,60.8,5.86
88,strezhevoy,90,RU,1615936005,74,60.7333,77.5889,24.8,8.95
89,victoria,5,HK,1615935812,89,22.2855,114.1577,73,6.96
90,maragogi,0,BR,1615935753,76,-9.0122,-35.2225,77.56,8.03
91,necochea,100,AR,1615936007,97,-38.5473,-58.7368,64.99,8.99
92,kavieng,95,PG,1615936007,73,-2.5744,150.7967,82.15,9.57
93,punta arenas,0,CL,1615935880,71,-53.15,-70.9167,48.2,43.73
94,bereda,22,ES,1615936008,95,43.2686,-7.5406,46,1.99
95,huarmey,63,PE,1615935847,76,-10.0681,-78.1522,74.84,9.4
96,baturaja,72,ID,1615936009,94,-4.1333,104.1667,71.96,1.83
97,nadym,100,RU,1615936009,96,65.5333,72.5167,24.01,12.24
98,thinadhoo,95,MV,1615936010,73,0.5333,72.9333,80.8,5.35
99,port hedland,91,AU,1615936010,83,-20.3167,118.5667,80.6,5.75
100,ayr,0,GB,1615936010,93,55.4627,-4.6339,43,5.75
101,teguldet,100,RU,1615936011,95,57.3064,88.1667,10.72,6.38
102,codrington,0,AU,1615935793,67,-38.2667,141.9667,66.56,8.37
103,boquira,63,BR,1615936012,61,-12.8231,-42.7306,72.68,3.18
104,shahreza,100,IR,1615936012,44,32.0339,51.8794,56.08,4.45
105,lavrentiya,100,RU,1615935973,92,65.5833,-171,4.28,5.08
106,axim,87,GH,1615935836,83,4.8699,-2.2405,81.09,10.4
107,yulara,96,AU,1615936013,36,-25.2406,130.9889,60.8,9.22
108,madang,100,PG,1615936014,87,-5.2246,145.7966,76.69,6.62
109,longyearbyen,20,SJ,1615935754,65,78.2186,15.6401,-5.8,17.27
110,marsa matruh,0,EG,1615936014,71,31.3525,27.2453,53.6,4.61
111,hakui,75,JP,1615935905,70,36.8833,136.7833,46,4.61
112,piacabucu,4,BR,1615936015,74,-10.4056,-36.4344,77.74,8.3
113,libourne,90,FR,1615936016,87,44.9167,-0.25,52,8.05
114,senanga,59,ZM,1615936016,89,-16.1167,23.2667,66.2,5.08
115,sao raimundo das mangabeiras,43,BR,1615936016,79,-7.0219,-45.4811,76.91,4.38
116,carbonia,0,IT,1615936018,81,39.1672,8.5222,44.6,5.75
117,alofi,75,NU,1615936018,70,-19.0595,-169.9187,86,8.05
118,shintomi,75,JP,1615936019,88,32.0785,131.4723,64.4,8.05
119,hofn,85,IS,1615935792,73,64.2539,-15.2082,42.17,1.28
120,coquimbo,0,CL,1615935974,72,-29.9533,-71.3436,64.4,10.36
121,saint george,90,US,1615936017,61,37.1041,-113.5841,48,9.22
122,puerto ayora,20,EC,1615935780,78,-0.7393,-90.3518,82.4,9.22
123,sept-iles,20,CA,1615936020,48,50.2001,-66.3821,17.01,9.22
124,bluff,77,NZ,1615936020,71,-46.6,168.3333,55.99,15.99
125,taguatinga,81,BR,1615936021,73,-12.3857,-46.5711,77.32,1.7
126,zyryanka,27,RU,1615935923,95,65.75,150.85,-7.2,8.37
127,nabire,70,ID,1615935807,80,-3.3667,135.4833,78.82,2.46
128,arraial do cabo,0,BR,1615936022,83,-22.9661,-42.0278,77.56,20.11
129,kualakapuas,72,ID,1615936022,89,-3.0091,114.3876,75.4,0.38
130,port lincoln,26,AU,1615936023,84,-34.7333,135.8667,64.54,10.07
131,avera,40,US,1615936023,100,33.194,-82.5271,53.6,5.75
132,peace river,75,CA,1615936024,45,56.2501,-117.286,41,19.57
133,constantine,75,DZ,1615935659,81,36.365,6.6147,44.6,17.27
134,san cristobal,75,VE,1615936024,100,7.7669,-72.225,73.4,9.22
135,igrim,92,RU,1615936025,94,63.1906,64.4162,18.97,6.02
136,tuatapere,98,NZ,1615936025,71,-46.1333,167.6833,55.99,15.99
137,isabela,20,PH,1615936025,94,6.7085,121.9711,78.8,3.44
138,kajaani,90,FI,1615936026,100,64.2273,27.7285,26.6,6.91
139,cidreira,89,BR,1615935898,86,-30.1811,-50.2056,76.98,19.33
140,port elizabeth,75,ZA,1615935903,88,-33.918,25.5701,64.4,1.14
141,alexandria,0,EG,1615936027,72,31.2156,29.9553,57.2,5.75
142,cherskiy,100,RU,1615936027,95,68.75,161.3,-20.24,5.59
143,bandarbeyla,60,SO,1615936028,81,9.4942,50.8122,77.29,11.23
144,bowen,63,AU,1615936028,88,-20.0167,148.2333,77,5.75
145,belmonte,20,BR,1615935944,83,-15.8631,-38.8828,77,6.91
146,matara,92,LK,1615936029,89,5.9485,80.5353,75.07,4.52
147,los llanos de aridane,90,ES,1615936030,59,28.6585,-17.9182,66.2,12.66
148,nacala,100,MZ,1615935782,89,-14.5428,40.6728,74.68,4.14
149,amos,75,CA,1615936030,24,48.5669,-78.1162,44.6,11.5
150,uray,80,RU,1615936031,90,60.1247,64.7758,22.1,11.25
151,petukhovo,73,RU,1615936031,89,55.0692,67.9019,14.2,11.5
152,caxias,0,PT,1615936032,55,38.7031,-9.2767,64.99,8.05
153,souillac,75,MU,1615935779,78,-20.5167,57.5167,78.8,8.05
154,torbay,90,CA,1615936032,86,47.6666,-52.7314,28,25.32
155,klaksvik,75,FO,1615935976,93,62.2266,-6.589,44.6,19.57
156,haines junction,74,CA,1615935916,21,60.7522,-137.5108,32,8.05
157,komsomolskiy,100,UZ,1615936005,80,40.4272,71.7189,35.6,2.3
158,thompson,20,CA,1615935619,27,55.7435,-97.8558,33.8,10.36
159,ucluelet,75,CA,1615936034,71,48.9329,-125.5528,48,9.22
160,markova,100,UA,1615936034,98,48.6758,24.4138,32.58,7.76
161,barkot,99,IN,1615936035,42,30.8167,78.2,56.08,3.98
162,akyab,0,MM,1615936036,69,20.15,92.9,68.86,5.23
163,svetlogorsk,100,BY,1615935924,96,52.6333,29.7333,34.02,6.33
164,gazli,90,UZ,1615936036,62,40.1333,63.45,32.34,21.09
165,krasnoarmeysk,99,RU,1615935885,80,51.0239,45.6969,24.01,3
166,labuan,20,MY,1615936037,89,5.2767,115.2417,78.8,3.44
167,acapulco,40,MX,1615935763,65,16.8634,-99.8901,84.2,8.05
168,cauquenes,4,CL,1615936037,66,-35.9671,-72.3225,60.82,9.44
169,bubaque,56,GW,1615935819,65,11.2833,-15.8333,78.22,14.65
170,marsh harbour,16,BS,1615935926,80,26.5412,-77.0636,73.38,15.66
171,saskylakh,88,RU,1615936039,95,71.9167,114.0833,-42.07,8.57
172,rundu,99,NA,1615936039,72,-17.9333,19.7667,67.26,3
173,sao filipe,0,CV,1615936039,68,14.8961,-24.4956,72.41,12.97
174,nioro,27,GM,1615936040,40,13.35,-15.75,72.5,7.58
175,mantua,27,IT,1615936041,48,45.1667,10.7833,44.01,3
176,theunissen,81,ZA,1615936041,77,-28.411,26.7011,62.69,5.3
177,abilene,1,US,1615935993,44,32.4487,-99.7331,80.01,19.57
178,isoka,84,ZM,1615936042,96,-10.1606,32.6335,61.59,1.43
179,daru,100,PG,1615936043,89,-9.0763,143.2092,77.67,8.52
180,esperance,84,AU,1615936043,72,-33.8667,121.9,60.8,16.11
181,ribeira grande,98,PT,1615935782,90,38.5167,-28.7,61.84,25.88
182,hasaki,20,JP,1615936044,66,35.7333,140.8333,54,4.61
183,rawson,77,AR,1615936045,65,-43.3002,-65.1023,54.54,25.46
184,susehri,100,TR,1615936045,94,40.1644,38.0867,37.8,3.71
185,romny,99,UA,1615936046,91,50.751,33.4747,33.22,10.74
186,matamoros,40,MX,1615936046,3,25.5333,-103.25,93.2,21.7
187,estevan,90,CA,1615936047,93,49.1334,-102.9842,33.8,13.8
188,sioux lookout,40,CA,1615936047,31,50.1001,-91.917,46.4,8.05
189,caronport,91,CA,1615936048,37,50.4501,-105.8179,33.8,12.66
190,san luis,3,AR,1615936048,40,-33.295,-66.3356,64.89,10.38
191,nara,20,JP,1615935921,76,34.6851,135.8049,53.01,9.22
192,shahrud,66,IR,1615936049,57,36.4182,54.9763,47.93,1.95
193,worcester,90,US,1615936049,19,42.3334,-71.8328,36,9.22
194,hammerfest,75,NO,1615936050,68,70.6634,23.6821,19.4,13.8
195,rockport,90,US,1615935936,94,28.0206,-97.0544,75.2,11.5
196,khlevnoye,75,RU,1615936050,69,52.1951,39.0932,32,8.95
197,taoudenni,0,ML,1615935903,17,22.6783,-3.9836,73.98,15.26
198,chapais,40,CA,1615935965,30,49.7834,-74.8492,37.4,12.66
199,roma,90,US,1615935961,26,43.2128,-75.4557,44.6,9.22
200,iqaluit,75,CA,1615936052,70,63.7506,-68.5145,-13,2.3
201,mount isa,61,AU,1615936052,42,-20.7333,139.5,82.4,11.5
202,clarksdale,1,US,1615936053,44,34.2001,-90.5709,77,3.44
203,sao felix do xingu,78,BR,1615936054,90,-6.6447,-51.995,75.96,2.13
204,lae,40,PG,1615936054,83,-6.7221,146.9847,75.2,5.75
205,ostrovnoy,100,RU,1615935810,81,68.0531,39.5131,21.34,9.48
206,ponta do sol,0,PT,1615936055,63,32.6667,-17.1,57,1.99
207,panormos,48,GR,1615936055,82,35.4182,24.6909,52,13.82
208,pacific grove,75,US,1615936055,54,36.6177,-121.9166,55.4,10.36
209,khatanga,52,RU,1615936056,97,71.9667,102.5,-43.4,10.78
210,saint-joseph,0,RE,1615935992,69,-21.3667,55.6167,75.2,6.91
211,kodiak,1,US,1615936057,44,57.79,-152.4072,35.6,10.36
212,margate,48,GB,1615936057,70,51.3813,1.3862,46,7
213,mar del plata,90,AR,1615936057,94,-38.0023,-57.5575,66.2,9.22
214,maniitsoq,76,GL,1615936058,87,65.4167,-52.9,10.06,10.65
215,novo aripuana,16,BR,1615936060,76,-5.1206,-60.3797,80.49,1.61
216,karatau,100,KZ,1615936060,92,43.1667,70.4667,24.08,6.8
217,meulaboh,99,ID,1615935899,89,4.1363,96.1285,77,7.2
218,qena,0,EG,1615936061,43,26.1615,32.7183,71.6,4.61
219,sao joao da barra,31,BR,1615935842,82,-21.6403,-41.0511,77.31,15.21
220,kologriv,99,RU,1615935861,97,58.8275,44.3178,31.14,3.13
221,kizukuri,75,JP,1615936062,60,40.8061,140.3861,39,19.57
222,cape town,0,ZA,1615936002,72,-33.9258,18.4232,64.4,17.27
223,fort nelson,75,CA,1615936062,18,58.8053,-122.7002,50,6.91
224,portree,75,GB,1615936063,87,57.4129,-6.1942,44.01,1.01
225,provideniya,90,RU,1615936063,78,64.3833,-173.3,6.8,11.18
226,bosaso,73,SO,1615936064,71,11.2842,49.1816,76.26,4.14
227,pisco,75,PE,1615935771,61,-13.7,-76.2167,77,18.41
228,husavik,75,IS,1615936064,80,66.0449,-17.3389,35.6,3.44
229,fairbanks,75,US,1615936065,78,64.8378,-147.7164,12,3.44
230,soyo,100,AO,1615936065,79,-6.1349,12.3689,79.45,1.63
231,asyut,0,EG,1615936066,63,27.181,31.1837,62.6,12.66
232,sur,12,OM,1615936066,41,22.5667,59.5289,78.55,6.38
233,pampierstad,2,ZA,1615936066,76,-27.7832,24.6877,63.41,3.27
234,oranjestad,40,AW,1615935938,74,12.524,-70.027,80.6,18.41
235,kahului,40,US,1615935900,73,20.8947,-156.47,78.8,17.27
236,sebezh,100,RU,1615936068,98,56.2955,28.4654,33.12,5.46
237,praia da vitoria,75,PT,1615936068,94,38.7333,-27.0667,60.01,17.52
238,killybegs,94,IE,1615936069,97,54.6333,-8.45,36,2.86
239,boma,93,GH,1615936069,90,7.0805,-2.1697,76.42,4.41
240,adrar,0,MR,1615936070,14,20.5022,-10.0711,72.82,9.37
241,fort-shevchenko,35,KZ,1615935969,52,44.5086,50.263,37.8,32.3
242,pilar,0,BR,1615936070,83,-9.5972,-35.9567,75.2,4.61
243,kangaatsiaq,98,GL,1615936071,88,68.3065,-53.4641,5.05,8.08
244,mount gambier,0,AU,1615936071,100,-37.8333,140.7667,53.6,3.83
245,toktogul,77,KG,1615936072,83,41.8708,72.9402,29.88,2.37
246,caravelas,39,BR,1615936072,81,-17.7125,-39.2481,77.92,8.63
247,funchal,20,PT,1615935942,55,32.6333,-16.9,62.6,12.66
248,yarmouth,1,US,1615936073,43,41.7057,-70.2286,30.99,11.5
249,port macquarie,100,AU,1615936075,99,-31.4333,152.9167,69.01,1.01
250,clyde river,20,CA,1615936026,64,70.4692,-68.5914,-14.8,4.61
251,samarai,100,PG,1615936075,77,-10.6167,150.6667,81.88,6.29
252,talnakh,86,RU,1615935929,88,69.4865,88.3972,-26.61,5.55
253,ratangarh,11,IN,1615936076,28,28.0833,74.6,73.42,5.28
254,vao,43,NC,1615936077,81,-22.6667,167.4833,77.05,14.47
255,nohar,20,IN,1615936077,31,29.1833,74.7667,70.92,5.17
256,teluk intan,40,MY,1615936078,94,4.0259,101.0213,78.01,1.72
257,yar-sale,100,RU,1615935802,96,66.8333,70.8333,17.8,4.38
258,wewak,99,PG,1615936078,83,-3.5534,143.6268,80.35,5.17
259,celestun,0,MX,1615936079,66,20.8667,-90.4,80.73,12.06
260,velikiy ustyug,71,RU,1615936080,96,60.7644,46.3106,23.9,5.39
261,sabang,79,ID,1615936080,72,5.8933,95.3214,82.15,5.93
262,bud,95,US,1615936080,89,39.447,-86.1758,48.99,5.28
263,olafsvik,100,IS,1615936081,96,64.8945,-23.7142,42.12,15.26
264,isangel,20,VU,1615936012,70,-19.55,169.2667,86,13.8
265,nikolskoye,0,RU,1615936081,93,59.7035,30.7861,32,2.24
266,abu zabad,0,SD,1615936082,10,12.35,29.25,81.16,9.69
267,pozzallo,40,IT,1615936082,87,36.7305,14.8499,42.8,1.14
268,ikom,90,NG,1615936083,79,5.9667,8.7063,79.07,4.72
269,mehamn,40,NO,1615936083,67,71.0357,27.8492,17.6,25.32
270,sunnyside,40,US,1615936084,33,46.3237,-120.0087,57.99,5.75
271,leh,57,IN,1615935804,66,34.1667,77.5833,20.88,4.59
272,rio gallegos,0,AR,1615936084,50,-51.6226,-69.2181,50,23.02
273,amapa,98,BR,1615936085,97,1,-52,72.93,2.35
274,pangnirtung,1,CA,1615936085,69,66.1451,-65.7125,-20.2,3.13
275,wasilla,90,US,1615936086,68,61.5814,-149.4394,26.01,3.44
276,bathsheba,40,BB,1615936086,65,13.2167,-59.5167,78.8,13.8
277,narodychi,100,UA,1615936087,94,51.2029,29.0823,36.7,6.4
278,hithadhoo,73,MV,1615935824,70,-0.6,73.0833,81.99,5.64
279,makarov,100,RU,1615936087,93,48.6333,142.8,32.2,13.44
280,fremont,20,US,1615935809,51,37.5483,-121.9886,57.99,6.91
281,whitecourt,20,CA,1615936088,25,54.1502,-115.6855,48.2,11.5
282,sao lourenco,15,BR,1615936088,82,-22.1164,-45.0544,70,2.59
283,edson,1,CA,1615936089,25,53.5835,-116.4356,50,11.5
284,bismarck,90,US,1615935930,75,46.8083,-100.7837,37.4,4.32
285,saint-augustin,98,CA,1615936090,86,51.226,-58.6502,11.53,8.37
286,lincoln,90,US,1615935901,81,40.8,-96.667,46.4,7.9
287,udgir,0,IN,1615936091,31,18.3833,77.1167,73.65,8.79
288,rawah,99,IQ,1615936091,47,34.4816,41.9093,63.82,10.69
289,nome,90,US,1615936092,92,64.5011,-165.4064,12,3.44
290,cockburn town,40,TC,1615935937,69,21.4612,-71.1419,75.2,14.97
291,viedma,100,AR,1615935869,66,-40.8135,-62.9967,57.96,27.29
292,pevek,100,RU,1615936092,94,69.7008,170.3133,-6.54,12.57
293,bereznik,98,RU,1615936093,97,62.8551,42.7072,29.32,4.47
294,launceston,75,AU,1615935920,59,-41.45,147.1667,62.01,8.05
295,houston,75,US,1615935443,61,29.7633,-95.3633,80.6,10.36
296,touros,40,BR,1615935812,74,-5.1989,-35.4608,80.6,11.5
297,koratla,0,IN,1615936094,31,18.8167,78.7167,73.87,4.68
298,hokitika,97,NZ,1615936095,73,-42.7167,170.9667,58.6,8.48
299,katsuura,20,JP,1615936096,50,35.1333,140.3,55,9.22
300,poso,76,ID,1615936096,78,-1.3959,120.7524,79,3.74
301,jacqueville,20,CI,1615936097,94,5.2052,-4.4146,80.6,6.91
302,sao jose da coroa grande,0,BR,1615936097,76,-8.8978,-35.1478,77.68,8.39
303,san isidro,0,PE,1615936098,69,-12.1167,-77.05,77,9.22
304,fuyu,65,CN,1615936098,30,45.1833,124.8167,28.58,2.59
305,deputatskiy,33,RU,1615936099,84,69.3,139.9,-16.6,4.59
306,san quintin,0,MX,1615936099,58,30.4833,-115.95,57.69,19.84
307,varhaug,66,NO,1615936058,80,58.6147,5.6457,36,13.82
308,ostersund,90,SE,1615936100,86,63.1792,14.6357,28.4,6.91
309,ahipara,11,NZ,1615935824,62,-35.1667,173.1667,66.72,9.84
310,inhambane,0,MZ,1615936100,87,-23.865,35.3833,75.58,6.53
311,hami,17,CN,1615935887,50,42.8,93.45,36.37,2.33
312,prince rupert,90,CA,1615936101,87,54.3161,-130.3201,41,12.66
313,fonte boa,100,BR,1615936102,94,-2.4959,-66.2662,77.14,0.65
314,sobolevo,100,RU,1615936102,96,54.4299,31.8996,31.68,5.66
315,savonlinna,75,FI,1615936103,86,61.8699,28.88,30.2,1.14
316,teahupoo,75,PF,1615936103,58,-17.8333,-149.2667,89.6,6.91
317,bara,66,NG,1615936104,15,10.3744,10.7288,82.53,5.32
318,adre,49,TD,1615935873,14,13.4667,22.2,74.08,7.47
319,biograd na moru,20,HR,1615936105,93,43.9433,15.4519,43,2.3
320,marrakesh,40,MA,1615936091,55,31.6315,-8.0083,60.8,5.75
321,tambacounda,0,SN,1615936105,37,13.7539,-13.7586,89.6,4.61
322,kruisfontein,61,ZA,1615936106,92,-34.0033,24.7314,59,1.01
323,zambezi,100,ZM,1615935986,95,-13.5432,23.1047,66.31,4.09
324,flin flon,20,CA,1615936106,29,54.7682,-101.865,33.8,12.66
325,quatre cocos,75,MU,1615936107,78,-20.2078,57.7625,78.8,8.05
326,chara,95,RU,1615935848,65,56.9064,118.2631,3.38,1.36
327,urusha,99,RU,1615936107,85,54.05,122.9,5.13,2.46
328,aksarka,100,RU,1615936011,96,66.5606,67.7975,1.45,9.44
329,general cepeda,1,MX,1615936108,20,25.3833,-101.45,89.6,13.8
330,athens,20,GR,1615935631,66,37.9795,23.7162,53.01,3.44
331,lima,0,PE,1615936071,69,-12.0432,-77.0282,77,9.22
332,doctor arroyo,16,MX,1615936109,7,23.6667,-100.1833,86.23,21.5
333,guerrero negro,0,MX,1615936110,55,27.9769,-114.0611,59.59,23.42
334,filimonovo,64,RU,1615936110,92,56.2011,95.4611,3.36,6.35
335,owando,100,CG,1615936111,97,-0.4819,15.8999,69.26,0.87
336,manokwari,99,ID,1615935904,73,-0.8667,134.0833,80.8,2.91
337,tongling,100,CN,1615935859,90,30.95,117.7833,47.71,8.03
338,samoded,98,RU,1615936111,97,63.6083,40.5111,26.65,3.33
339,mawlaik,0,MM,1615936112,43,23.6333,94.4167,63.81,1.32
340,aswan,56,EG,1615936112,30,24.0934,32.907,72.43,13.65
341,tautira,75,PF,1615936113,58,-17.7333,-149.15,89.6,6.91
342,khani,90,GE,1615936114,93,41.9563,42.9566,48.2,6.91
343,ornskoldsvik,90,SE,1615935838,80,63.2909,18.7153,28.4,5.75
344,tecoanapa,0,MX,1615936114,65,16.5167,-98.75,82.31,9.95
345,ngunguru,58,NZ,1615935958,63,-35.6167,174.5,68,5.01
346,smidovich,100,RU,1615936116,93,48.6,133.8167,23.61,7.27
347,yaan,100,NG,1615936116,50,7.3833,8.5667,85.28,9.24
348,virginia beach,90,US,1615936029,87,36.8529,-75.978,46.4,9.22
349,dourbali,100,TD,1615936117,19,11.8091,15.8632,81.86,8.52
350,hohhot,20,CN,1615936117,59,40.8106,111.6522,28.4,4.47
351,jiuquan,100,CN,1615936118,21,39.7432,98.5174,33.78,1.86
352,tazovskiy,100,RU,1615936118,97,67.4667,78.7,-11.13,17.25
353,new waterford,90,US,1615936119,51,40.8451,-80.6145,57.2,2.59
354,aloleng,63,PH,1615936119,78,16.1307,119.7824,80.19,3.91
355,kijang,0,KR,1615936120,49,35.2442,129.2139,44.6,5.75
356,hambantota,79,LK,1615936120,84,6.1241,81.1185,76.17,11.5
357,ulaangom,100,MN,1615936121,90,49.9811,92.0667,4.33,1.48
358,azul,100,AR,1615936121,100,-36.777,-59.8585,63,5.01
359,lloydminster,20,CA,1615935986,39,53.2835,-110.0016,42.8,10.36
360,finnsnes,90,NO,1615936122,93,69.2296,17.9811,24.8,3.49
361,suntar,84,RU,1615936122,93,62.1444,117.6319,10.85,7.65
362,kununurra,93,AU,1615936122,94,-15.7667,128.7333,77,4.61
363,tilichiki,45,RU,1615936123,87,60.4667,166.1,14.36,10.4
364,lasa,0,IT,1615936124,80,46.6166,10.7002,42.8,4.61
365,san patricio,90,US,1615935951,83,28.017,-97.5169,75.2,18.41
366,arlit,5,NE,1615936124,15,18.7369,7.3853,81.07,10.51
367,luderitz,0,NA,1615935893,84,-26.6481,15.1594,62.78,11.45
368,talcahuano,0,CL,1615935915,77,-36.7167,-73.1167,60.8,9.22
369,poum,5,NC,1615936125,74,-20.2333,164.0167,78.85,4.36
370,vanimo,54,PG,1615936023,87,-2.6741,141.3028,79.63,4.03
371,pimentel,0,PE,1615936126,69,-6.8367,-79.9342,77,19.57
372,nhulunbuy,94,AU,1615935889,74,-12.2333,136.7667,84.2,2.3
373,waingapu,72,ID,1615936127,83,-9.6567,120.2641,79.57,3.13
374,shelburne,52,CA,1615936127,52,44.0787,-80.2041,35.01,1.01
375,bilibino,100,RU,1615936128,93,68.0546,166.4372,-11.04,4.43
376,cartagena,75,CO,1615935951,78,10.3997,-75.5144,80.6,13.8
377,seoul,0,KR,1615936128,69,37.5683,126.9778,33.8,3.44
378,kedrovyy,0,RU,1615936129,92,56.1667,91.8167,-2.2,4.99
379,grindavik,90,IS,1615936129,100,63.8424,-22.4338,44.6,19.57
380,mendoza,75,AR,1615935960,47,-32.8908,-68.8272,77,6.91
381,beloha,0,MG,1615935839,75,-25.1667,45.05,74.93,9.42
382,coihaique,20,CL,1615936130,51,-45.5752,-72.0662,57.2,4.61
383,barcelona,0,ES,1615936079,87,41.3888,2.159,55,6.91
384,sibu,40,MY,1615936131,100,2.3,111.8167,75.2,2.26
385,maldonado,90,UY,1615936131,78,-34.6667,-54.9167,75.99,9.22
386,kalianget,65,ID,1615936132,79,-7.05,113.9333,79.29,0.98
387,belaya gora,2,RU,1615936132,85,68.5333,146.4167,-11.42,8.79
388,hamilton,90,US,1615936133,76,39.1834,-84.5333,54,5.75
389,puerto carreno,100,CO,1615936133,86,6.189,-67.4859,77.43,8.93
390,nantucket,1,US,1615935897,54,41.2835,-70.0995,28.4,5.75
391,kendallville,1,US,1615936134,81,41.4414,-85.265,45,3.44
392,camacha,40,PT,1615935967,82,33.0833,-16.3333,60.8,10.36
393,qasigiannguit,75,GL,1615936135,72,68.8193,-51.1922,10.4,5.75
394,nakamura,25,JP,1615936135,85,32.9833,132.9333,60.12,3.31
395,college,75,US,1615935915,72,64.8569,-147.8028,12,6.91
396,karaton,100,ID,1615936136,83,-6.3424,106.1045,78.01,3.44
397,bontang,91,ID,1615936137,87,0.1333,117.5,78.46,3.36
398,kudahuvadhoo,13,MV,1615935780,76,2.6708,72.8944,82.31,11.25
399,araure,75,VE,1615936138,51,9.5601,-69.2148,82.4,8.05
400,tahlequah,1,US,1615936029,49,35.9154,-94.97,73,5.75
401,pontianak,20,ID,1615936138,100,-0.0333,109.3333,73.4,1.72
402,port hardy,90,CA,1615936139,65,50.6996,-127.4199,44.6,14.97
403,great falls,1,US,1615936055,28,47.5002,-111.3008,51.8,4.61
404,hirado,90,JP,1615936140,100,33.3597,129.5531,53.01,1.14
405,danville,90,US,1615936140,87,36.586,-79.395,45,3.44
406,erenhot,26,CN,1615935918,21,43.6475,111.9767,27.91,3.44
407,camargo,10,MX,1615936141,5,27.6667,-105.1667,81.95,31.74
408,kimbe,78,PG,1615936141,66,-5.5502,150.1429,85.42,1.03
409,turukhansk,68,RU,1615936141,67,65.8167,87.9833,-17.7,1.41
410,vila velha,0,BR,1615936142,78,-20.3297,-40.2925,79,8.05
411,lobito,100,AO,1615935905,78,-12.3481,13.5456,79.27,0.4
412,srednekolymsk,0,RU,1615936143,87,67.45,153.6833,-14.58,5.03
413,stulovo,100,RU,1615936143,95,58.7225,50.1439,29.91,7.58
414,gao,0,ML,1615936144,15,16.6362,1.637,80.6,7.16
415,tacoronte,40,ES,1615936144,87,28.4769,-16.4102,64,17.27
416,waipawa,25,NZ,1615936144,55,-41.4122,175.5153,64.99,9.22
417,cortland,90,US,1615936145,69,42.6001,-76.083,32,5.75
418,nanortalik,100,GL,1615935855,90,60.1432,-45.2371,27.23,5.21
419,laharpur,0,IN,1615936145,27,27.7167,80.9,65.82,6.02
420,geraldton,59,AU,1615936146,88,-28.7667,114.6,69.8,2.3
421,tual,15,ID,1615936147,69,-5.6667,132.75,82.87,2.64
422,berberati,17,CF,1615936147,95,4.2612,15.7922,65.71,1.34
423,kargasok,98,RU,1615936147,95,59.0556,80.8572,14.67,8.37
424,ust-kuyga,64,RU,1615936148,94,70.0167,135.6,-17.97,6.53
425,fernandina beach,1,US,1615936058,88,30.6697,-81.4626,75.99,18.41
426,semnan,90,IR,1615936149,60,35.5729,53.3971,51.51,1.34
427,bonavista,100,CA,1615935871,86,48.6499,-53.1147,27,10.36
428,manyoni,86,TZ,1615936149,90,-5.7467,34.8382,61.16,1.95
429,oranjemund,9,NA,1615935918,94,-28.55,16.4333,61.86,5.44
430,yamada,52,JP,1615936150,62,39.4667,141.95,39.97,6.58
431,gladstone,90,AU,1615936151,88,-23.85,151.25,69.8,8.05
432,tabaquite,20,TT,1615936151,69,10.3833,-61.3,80.6,13.8
433,saint anthony,90,US,1615936152,69,45.0205,-93.218,37,3.44
434,skokie,90,US,1615936152,75,42.0334,-87.7334,37.4,8.05
435,nuuk,75,GL,1615936153,73,64.1835,-51.7216,15.8,10.36
436,zemaiciu naumiestis,74,LT,1615936153,94,55.3592,21.7022,32.77,5.99
437,antalaha,100,MG,1615936020,91,-14.9003,50.2788,74.8,4.74
438,dali,0,CN,1615936154,70,25.7,100.1833,47.12,4.25
439,champerico,75,GT,1615936154,69,14.3,-91.9167,82.4,9.22
440,koeru,53,EE,1615936155,97,58.9631,26.0308,25.86,3.49
441,fortuna,1,US,1615935949,53,40.5982,-124.1573,52,16.11
442,sorland,23,NO,1615935864,62,67.667,12.6934,37.63,8.61
443,fez,0,MA,1615936155,62,34.0372,-4.9998,55.4,9.22
444,japura,94,ID,1615936156,98,-0.3167,102.35,72.57,1.39
445,madimba,81,TZ,1615936157,85,-10.4,40.3333,77.47,3.02
446,yerbogachen,100,RU,1615936157,93,61.2767,108.0108,15.03,10.63
447,kosh-agach,87,RU,1615936157,89,50,88.6667,-5.49,2.39
448,rocha,88,UY,1615936158,85,-34.4833,-54.3333,71.53,10.96
449,ancud,0,CL,1615936158,54,-41.8697,-73.8203,57.2,11.5
450,brae,40,GB,1615936159,81,60.3964,-1.353,46.4,19.57
451,darapidap,94,PH,1615936159,76,17.2131,120.4114,79.59,3.29
452,fort wellington,12,GY,1615936160,78,6.4,-57.6,77.34,11.74
453,menongue,100,AO,1615936160,96,-14.6585,17.691,62.98,2.86
454,bastrop,1,US,1615936161,60,32.7562,-91.8724,75.2,5.75
455,flinders,99,AU,1615936161,80,-34.5833,150.8552,66.99,1.01
456,san vicente,64,AR,1615936162,79,-26.6167,-54.1333,72.27,2.33
457,yelets,95,RU,1615936162,90,52.6237,38.5017,25.23,9.89
458,tarauaca,100,BR,1615936163,83,-8.1614,-70.7656,78.76,3
459,bac lieu,18,VN,1615936163,85,9.285,105.7244,73.42,4.52
460,lorengau,97,PG,1615936164,69,-2.0226,147.2712,84.43,5.86
461,beringovskiy,81,RU,1615936165,84,63.05,179.3167,11.48,13.38
462,siva,0,EG,1615936165,31,29.2041,25.5195,55.99,6.42
463,ouadda,100,CF,1615936166,91,8.0777,22.4007,69.35,4.41
464,buala,43,SB,1615936021,64,-8.145,159.5921,84.81,4.07
465,vardo,40,NO,1615935790,85,70.3705,31.1107,10.4,9.22
466,evensk,0,RU,1615935853,71,61.95,159.2333,10,12.08
467,nemuro,79,JP,1615935658,73,43.3236,145.575,33.57,12.26
468,krasnoselkup,98,RU,1615936167,92,65.7,82.4667,-4,12.41
469,russell,90,US,1615935985,88,32.3502,-85.1999,68,6.91
470,halifax,18,CA,1615935873,40,44.6453,-63.5724,19,4
471,luwuk,61,ID,1615935894,82,-0.9516,122.7875,79.75,1.39
472,muros,28,ES,1615936168,66,42.7762,-9.0603,55,7
473,miraflores,20,MX,1615936169,11,19.2167,-98.8083,82,14.97
474,zlobin,0,HR,1615936169,33,45.2924,14.6541,44.6,6.91
475,ambon,20,ID,1615936170,88,-3.6954,128.1814,77,5.75
476,naryan-mar,100,RU,1615936170,95,67.6713,53.087,11.03,4.54
477,ilulissat,75,GL,1615936087,72,69.2167,-51.1,10.4,5.75
478,chumikan,100,RU,1615936171,77,54.7183,135.315,12.49,3.06
479,jagatsinghapur,40,IN,1615936171,100,20.2667,86.1667,75.2,4.61
480,constitucion,27,CL,1615936171,79,-35.3333,-72.4167,58.64,12.73
481,ayagoz,2,KZ,1615936172,83,47.9714,80.4392,-3.46,8.34
482,kyshtovka,93,RU,1615936172,98,56.555,76.6271,1.06,7.45
483,gorontalo,46,ID,1615935990,91,0.5412,123.0595,76.82,2.73
484,kutum,0,SD,1615935963,11,14.2,24.6667,71.31,7.76
485,eirunepe,95,BR,1615936173,94,-6.6603,-69.8736,76.23,1.45
486,ajaccio,0,FR,1615935908,56,42,8.9167,42.8,8.05
487,litomerice,74,CZ,1615936174,99,50.5335,14.1318,35.01,18.01
488,saldanha,0,ZA,1615936174,72,-33.0117,17.9442,62.6,4.61
489,bonthe,0,SL,1615936003,80,7.5264,-12.505,78.82,9.22
490,leningradskiy,100,RU,1615935784,94,69.3833,178.4167,-0.4,16.33
491,san jose,75,US,1615936175,51,37.3394,-121.895,61,13.8
492,birao,88,CF,1615936176,52,10.2849,22.7882,79.54,7.87
493,hobyo,94,SO,1615935988,78,5.3505,48.5268,80.6,14.9
494,williston,100,US,1615935918,89,48.147,-103.618,35.01,4
495,atbasar,92,KZ,1615936177,85,51.8,68.3333,6.24,9.86
496,shulin,40,CN,1615936177,94,22.7454,108.423,69.8,2.24
497,buchanan,64,LR,1615936177,88,5.8808,-10.0467,79.03,7.4
498,batemans bay,99,AU,1615936178,69,-35.7167,150.1833,66.99,1.99
499,sangar,100,RU,1615935944,94,63.9242,127.4739,4.39,12.26
500,bezhetsk,95,RU,1615936148,97,57.7851,36.6965,29.61,5.75
501,kupang,20,ID,1615935893,100,-10.1667,123.5833,75.2,2.3
502,maryville,90,US,1615936179,88,35.7565,-83.9705,61,6.91
503,turan,40,VN,1615936180,78,16.0678,108.2208,77,4.61
504,visby,90,SE,1615936180,93,57.6409,18.296,30.2,2.84
505,awjilah,0,LY,1615936181,64,29.1081,21.2869,54.39,6.53
506,kabompo,100,ZM,1615936181,98,-13.5927,24.2008,64.89,4.61
507,panguna,0,PG,1615936181,57,-6.3164,155.4848,81.03,1.68
508,cabo san lucas,1,MX,1615936093,34,22.8909,-109.9124,80.6,5.75
509,opuwo,97,NA,1615935707,73,-18.0607,13.84,68.2,2.62
510,newtonmore,36,GB,1615936182,75,57.066,-4.1192,42.8,12.66
511,ntcheu,56,MW,1615936183,95,-14.8203,34.6359,62.71,1.41
512,tezu,0,IN,1615935912,44,27.9167,96.1667,69.42,4.18
513,darhan,100,MN,1615935863,83,49.4867,105.9228,17.04,3.94
514,honiara,37,SB,1615936184,69,-9.4333,159.95,84.45,3
515,nyurba,97,RU,1615936184,94,63.2842,118.3319,9.54,8.25
516,panaba,0,MX,1615936185,45,21.2833,-88.2667,88.2,17.22
517,tabou,73,CI,1615936185,87,4.423,-7.3528,78.91,10
518,derzhavinsk,85,KZ,1615936185,83,51.1,66.3167,4.44,11.63
519,langxiang,66,CN,1615936186,89,46.95,128.8833,16.84,3
520,surgut,40,RU,1615936186,80,61.25,73.4167,26.6,8.95
521,pimampiro,96,EC,1615936187,94,0.4,-77.9667,60.19,3.6
522,almaty,90,KZ,1615936187,86,43.25,76.95,23,6.71
523,pangkalanbuun,23,ID,1615936188,91,-2.6833,111.6167,74.93,0.98
524,victor harbor,1,AU,1615936188,88,-35.5667,138.6167,66,3.27
525,ust-maya,83,RU,1615936189,96,60.4167,134.5333,-2.79,1.92
526,vung tau,16,VN,1615936189,84,10.346,107.0843,75.88,11.86
527,catuday,59,PH,1615936190,76,16.2923,119.8062,79.07,3.78
528,stuttgart,75,DE,1615936137,87,48.7823,9.177,39,4.61
529,norco,1,US,1615936191,41,33.9311,-117.5487,63,5.75
530,cairns,90,AU,1615935875,69,-16.9167,145.7667,86,3.44
531,mecca,5,SA,1615936192,46,21.4267,39.8261,75.99,4.27
532,itaituba,40,BR,1615936192,83,-4.2761,-55.9836,80.6,2.53
533,araouane,0,ML,1615936193,15,18.9048,-3.5265,75.67,10.09
534,sola,71,VU,1615936194,72,-13.8833,167.55,82.35,13.2
535,hualmay,100,PE,1615936194,78,-11.0964,-77.6139,73.94,10.04
536,udachnyy,13,RU,1615936195,92,66.4167,112.4,-32.04,4.38
537,manado,20,ID,1615936195,94,1.487,124.8455,77,1.74
538,gweru,74,ZW,1615936196,72,-19.45,29.8167,59.7,5.48
539,auki,3,SB,1615936196,65,-8.7676,160.7034,84.54,3.51
540,kaeo,41,NZ,1615936197,63,-35.1,173.7833,69.01,5.01
541,bam,87,IR,1615936036,23,29.106,58.357,62.71,1.7
542,alenquer,40,BR,1615936197,89,-1.9417,-54.7383,78.8,4.61
543,sitka,90,US,1615935843,70,57.0531,-135.33,39.2,6.91
544,nigde,21,TR,1615936198,83,37.8333,34.75,31.69,6.55
545,lewisporte,90,CA,1615936198,86,49.2499,-55.0482,21.2,24.16
546,bondoukou,27,CI,1615936199,56,8.0333,-2.8,80.74,6.35
547,ramgarh,0,IN,1615936199,26,23.6333,85.5167,72.99,4.05
548,vila franca do campo,75,PT,1615936200,72,37.7167,-25.4333,59,12.66
549,moree,90,AU,1615936200,64,-29.4667,149.85,69.8,10.36
550,sabzevar,39,IR,1615936200,48,36.2126,57.6819,52.16,3.38
551,sinnamary,80,GF,1615935996,82,5.3833,-52.95,76.89,11.95
